Website: https://www.littlemiamischools.com/staff-directory/ 








Little Miami Schools - staff-directory
 





 








 
Skip to Main Content








                                        Visit our Facebook Page
                                    





                                        Visit our Twitter Page
                                    





                                        Visit our Instagram Page
                                    

 




Calendars|Forms & Handbooks|Central Registration 






 
SchoolsAthleticsAbout UsDepartmentsStaff DirectoryResourcesDistrict NewsSpiritwearContact / Directions



Little Miami High SchoolLittle Miami Middle SchoolLittle Miami Elementary SchoolLittle Miami PrimaryEarly Childhood Center


 
MENU

SchoolsAthletics About UsDepartmentsResourcesDistrict NewsSpiritwearContact / Directions 



















Staff Directory 


  



Skip Side Menu to View ContentSide Menu Begins


Menu


Central OfficeLittle Miami High SchoolLittle Miami Middle SchoolLittle Miami PrimaryLittle Miami Elementary SchoolEarly Childhood CenterMaintenanceTransportationCentral OfficeLittle Miami High SchoolLittle Miami Middle SchoolLittle Miami PrimaryLittle Miami Elementary SchoolEarly Childhood CenterMaintenanceTransportationSide Menu Ends, main content for this page beginsBack to Side Menu



Search District Directory






Directory Information Includes: Last Name, First Name, Position, Website, Email



Last Name
First Name
Position
Website
Email

Last NameBuckalew
First NameMelissa
PositionDirector of Special Education




email




Last NameCoates
First NamePam
PositionInterim Executive Director of Human Resources




email




Last NameCollins
First NameStephen
PositionExecutive Director of Technology




email




Last NameCorbett
First NameDeborah
PositionCentral Office Secretary




email




Last NameFlorea
First NameDavid
PositionMaintenance Supervisor




email




Last NameGanim
First NameSusan
PositionEMIS Director




email




Last NameGonda
First NameJoanie
PositionHR Administrative Assistant




email




Last NameGonda
First NameTerry
PositionTreasurer




email




Last NameGriggs
First NameRobin
PositionAccounts Payable




email




Last NameHorvath
First NameJennifer
PositionExecutive Director of Curriculum




email




Last NameJones
First NameKathryn
PositionPayroll




email




Last NameJourneay
First NameNancy
PositionCentral Registrar




email




Last NameKonkle
First NameChad
PositionDirector of Administrative Services




email




Last NameManning
First NameLisa
PositionPayroll




email




Last NameMcWhorter
First NameRon
PositionFood Services Director




email




Last NameMiles
First NameJamie
PositionExecutive Director of Student Services




email




Last NameMilligan
First NameHeather
PositionMTTS Coordinator




email




Last NameMorgan
First NameRegina
PositionSuperintendent




email




Last NameMurray
First NameSusan
PositionAssistant Treasurer




email




Last NameOeder
First NameKelly
PositionAdmin. Asst. of Student Services




email




Last NamePetry
First NameLinette
PositionAsst. Food Service Dir.




email




Last NameReynolds
First NameLeAnn
PositionAdministrative Assistant - Student Services




email




Last NameSchuster
First NameRick
PositionNetwork Manager




email




Last NameSmith
First NameJoe
PositionDirector of Campus Safety and Security




email




Last NameTimmerman
First NameMarla
PositionAssistant Superintendent




email




Last NameTroll
First NameEric
PositionTechnology




email




Last NameUnderwood
First NameBrad
PositionDirector of Communications




email









Last NameBuckalew, First NameMelissa
PositionDirector of Special Education


email






Last NameCoates, First NamePam
PositionInterim Executive Director of Human Resources


email






Last NameCollins, First NameStephen
PositionExecutive Director of Technology


email






Last NameCorbett, First NameDeborah
PositionCentral Office Secretary


email






Last NameFlorea, First NameDavid
PositionMaintenance Supervisor


email






Last NameGanim, First NameSusan
PositionEMIS Director


email






Last NameGonda, First NameJoanie
PositionHR Administrative Assistant


email






Last NameGonda, First NameTerry
PositionTreasurer


email






Last NameGriggs, First NameRobin
PositionAccounts Payable


email






Last NameHorvath, First NameJennifer
PositionExecutive Director of Curriculum


email






Last NameJones, First NameKathryn
PositionPayroll


email






Last NameJourneay, First NameNancy
PositionCentral Registrar


email






Last NameKonkle, First NameChad
PositionDirector of Administrative Services


email






Last NameManning, First NameLisa
PositionPayroll


email






Last NameMcWhorter, First NameRon
PositionFood Services Director


email






Last NameMiles, First NameJamie
PositionExecutive Director of Student Services


email






Last NameMilligan, First NameHeather
PositionMTTS Coordinator


email






Last NameMorgan, First NameRegina
PositionSuperintendent


email






Last NameMurray, First NameSusan
PositionAssistant Treasurer


email






Last NameOeder, First NameKelly
PositionAdmin. Asst. of Student Services


email






Last NamePetry, First NameLinette
PositionAsst. Food Service Dir.


email






Last NameReynolds, First NameLeAnn
PositionAdministrative Assistant - Student Services


email






Last NameSchuster, First NameRick
PositionNetwork Manager


email






Last NameSmith, First NameJoe
PositionDirector of Campus Safety and Security


email






Last NameTimmerman, First NameMarla
PositionAssistant Superintendent


email






Last NameTroll, First NameEric
PositionTechnology


email






Last NameUnderwood, First NameBrad
PositionDirector of Communications


email











 



Back to Main Content
Back to Top of Site










 




  

Our District
HomeAthletics About UsDepartmentsStaff DirectoryResourcesDistrict News
SpiritwearCalendarsForms & HandbooksCentral RegistrationPower UpContact / Directions



Our Schools
Little Miami High SchoolLittle Miami Middle SchoolLittle Miami Elementary SchoolLittle Miami PrimaryEarly Childhood Center


Our News
Little Miami High School BlogLittle Miami Middle School BlogLittle Miami Elementary BlogLittle Miami Primary BlogEarly Childhood Center Blog






Staff Login
Contact Us
    © Copyright | 2024 Legend Web Works, LLC 
Advertise With Us 
















